Workbook

Sheet Beam Calculation
A1: Quadcopter Drone Arm – Cantilever Beam Calculation
A2: Blue = input (you may change) · Black = formula · Arm modelled as a hollow circular tube fixed at the frame, motor thrust at the free end
A3: INPUTS
A4: Outer diameter D (mm) | B4: 12
A5: Inner diameter d (mm) | B5: 10
A6: Arm length L (mm) | B6: 200
A7: Motor maximum thrust (N) | B7: 10 | C7: ≈ 1 kg-f per motor (450 mm class, ~1.5 kg drone)
A8: Safety factor on load | B8: 2
A9: Design load F (N) | B9: =B7*B8 -> 20
A11: SECTION PROPERTIES & STRESS
A12: Area A = π(D²−d²)/4 (mm²) | B12: =PI()*(B4^2-B5^2)/4 -> 34.557519
A13: Moment of inertia I = π(D⁴−d⁴)/64 (mm⁴) | B13: =PI()*(B4^4-B5^4)/64 -> 527.00217
A14: Section modulus Z = I/(D/2) (mm³) | B14: =B13/(B4/2) -> 87.833695
A15: Max bending moment M = F×L (N·mm) | B15: =B9*B6 -> 4000
A16: Max bending stress σ = M/Z (MPa) | B16: =B15/B14 -> 45.54061
A18: MATERIALS
A19: Material | B19: Density ρ (kg/m³) | C19: Young’s modulus E (GPa) | D19: Yield / tensile strength (MPa) | E19: Approx. cost (₹/kg) | F19: Arm mass m = ρAL (g) | G19: Tip deflection δ = FL³/3EI (mm) | H19: Factor of safety = Strength/σ | I19: Material cost per arm (₹)
A20: Steel AISI 4130 | B20: 7850 | C20: 205 | D20: 460 | E20: 250 | F20: =B20*$B$12*$B$6*0.000001 -> 54.255305 | G20: =$B$9*$B$6^3/(3*C20*1000*$B$13) -> 0.49366515 | H20: =D20/$B$16 -> 10.100875 | I20: =F20/1000*E20 -> 13.563826
A21: Aluminium 6061-T6 | B21: 2700 | C21: 69 | D21: 276 | E21: 350 | F21: =B21*$B$12*$B$6*0.000001 -> 18.66106 | G21: =$B$9*$B$6^3/(3*C21*1000*$B$13) -> 1.4666863 | H21: =D21/$B$16 -> 6.0605249 | I21: =F21/1000*E21 -> 6.5313711
A22: Titanium Ti-6Al-4V | B22: 4430 | C22: 114 | D22: 880 | E22: 3500 | F22: =B22*$B$12*$B$6*0.000001 -> 30.617962 | G22: =$B$9*$B$6^3/(3*C22*1000*$B$13) -> 0.88773118 | H22: =D22/$B$16 -> 19.323413 | I22: =F22/1000*E22 -> 107.16287
A23: GFRP (glass/epoxy) | B23: 1900 | C23: 25 | D23: 350 | E23: 700 | F23: =B23*$B$12*$B$6*0.000001 -> 13.131857 | G23: =$B$9*$B$6^3/(3*C23*1000*$B$13) -> 4.0480542 | H23: =D23/$B$16 -> 7.6854483 | I23: =F23/1000*E23 -> 9.1923001
A24: CFRP (carbon/epoxy) | B24: 1600 | C24: 70 | D24: 600 | E24: 3000 | F24: =B24*$B$12*$B$6*0.000001 -> 11.058406 | G24: =$B$9*$B$6^3/(3*C24*1000*$B$13) -> 1.4457336 | H24: =D24/$B$16 -> 13.175054 | I24: =F24/1000*E24 -> 33.175218
A26: Notes:
A27: Material properties: typical handbook values (ASM Handbook / MatWeb). Composites: typical values for tubes, actual values depend on fibre lay-up.
A28: Costs: approximate raw-material prices in India (2026) – only used for comparison; update with local supplier quotes if available.
A29: Strength used: yield strength for metals, tensile strength for composites (composites have no yield point).
A30: Formulas: Strength of Materials – cantilever with end load: M = F·L, σ = M/Z, δ = F·L³/(3·E·I).

Sheet TOPSIS
A1: TOPSIS Ranking of Materials
A2: TOPSIS = Technique for Order of Preference by Similarity to Ideal Solution. Best material = closest to the ideal best and farthest from the ideal worst.
A4: Criterion | B4: Mass (g) | C4: Deflection (mm) | D4: Factor of safety | E4: Cost (₹) | F4: Sum of weights
A5: Impact | B5: Lower is better | C5: Lower is better | D5: Higher is better | E5: Lower is better
A6: Weight (importance) | B6: 0.35 | C6: 0.25 | D6: 0.2 | E6: 0.2 | F6: =SUM(B6:E6) -> 1
A7: Weights chosen: mass most important for flight time; weights must add up to 1.
A8: Step 1: Decision matrix (from Beam Calculation sheet)
A9: ='Beam Calculation'!A20 -> Steel AISI 4130 | B9: ='Beam Calculation'!F20 -> 54.255305 | C9: ='Beam Calculation'!G20 -> 0.49366515 | D9: ='Beam Calculation'!H20 -> 10.100875 | E9: ='Beam Calculation'!I20 -> 13.563826
A10: ='Beam Calculation'!A21 -> Aluminium 6061-T6 | B10: ='Beam Calculation'!F21 -> 18.66106 | C10: ='Beam Calculation'!G21 -> 1.4666863 | D10: ='Beam Calculation'!H21 -> 6.0605249 | E10: ='Beam Calculation'!I21 -> 6.5313711
A11: ='Beam Calculation'!A22 -> Titanium Ti-6Al-4V | B11: ='Beam Calculation'!F22 -> 30.617962 | C11: ='Beam Calculation'!G22 -> 0.88773118 | D11: ='Beam Calculation'!H22 -> 19.323413 | E11: ='Beam Calculation'!I22 -> 107.16287
A12: ='Beam Calculation'!A23 -> GFRP (glass/epoxy) | B12: ='Beam Calculation'!F23 -> 13.131857 | C12: ='Beam Calculation'!G23 -> 4.0480542 | D12: ='Beam Calculation'!H23 -> 7.6854483 | E12: ='Beam Calculation'!I23 -> 9.1923001
A13: ='Beam Calculation'!A24 -> CFRP (carbon/epoxy) | B13: ='Beam Calculation'!F24 -> 11.058406 | C13: ='Beam Calculation'!G24 -> 1.4457336 | D13: ='Beam Calculation'!H24 -> 13.175054 | E13: ='Beam Calculation'!I24 -> 33.175218
A14: √(sum of squares) | B14: =SQRT(SUMSQ(B9:B13)) -> 67.261184 | C14: =SQRT(SUMSQ(C9:C13)) -> 4.6540122 | D14: =SQRT(SUMSQ(D9:D13)) -> 27.291026 | E14: =SQRT(SUMSQ(E9:E13)) -> 113.55884
A16: Step 2–3: Normalised × weight (value ÷ √sum of squares × weight)
A17: =A9 -> Steel AISI 4130 | B17: =B9/B$14*B$6 -> 0.28232266 | C17: =C9/C$14*C$6 -> 0.026518256 | D17: =D9/D$14*D$6 -> 0.074023417 | E17: =E9/E$14*E$6 -> 0.023888632
A18: =A10 -> Aluminium 6061-T6 | B18: =B10/B$14*B$6 -> 0.097104611 | C18: =C10/C$14*C$6 -> 0.078786123 | D18: =D10/D$14*D$6 -> 0.04441405 | E18: =E10/E$14*E$6 -> 0.011503061
A19: =A11 -> Titanium Ti-6Al-4V | B19: =B11/B$14*B$6 -> 0.15932349 | C19: =C11/C$14*C$6 -> 0.047686338 | D19: =D11/D$14*D$6 -> 0.14161001 | E19: =E11/E$14*E$6 -> 0.18873541
A20: =A12 -> GFRP (glass/epoxy) | B20: =B12/B$14*B$6 -> 0.068332874 | C20: =C12/C$14*C$6 -> 0.2174497 | D20: =D12/D$14*D$6 -> 0.056322165 | E20: =E12/E$14*E$6 -> 0.016189493
A21: =A13 -> CFRP (carbon/epoxy) | B21: =B13/B$14*B$6 -> 0.057543473 | C21: =C13/C$14*C$6 -> 0.077660607 | D21: =D13/D$14*D$6 -> 0.096552283 | E21: =E13/E$14*E$6 -> 0.058428246
A22: Step 4: Ideal best (V+) | B22: =MIN(B17:B21) -> 0.057543473 | C22: =MIN(C17:C21) -> 0.026518256 | D22: =MAX(D17:D21) -> 0.14161001 | E22: =MIN(E17:E21) -> 0.011503061
A23: Ideal worst (V−) | B23: =MAX(B17:B21) -> 0.28232266 | C23: =MAX(C17:C21) -> 0.2174497 | D23: =MIN(D17:D21) -> 0.04441405 | E23: =MAX(E17:E21) -> 0.18873541
A25: Step 5–6: Distances, closeness score and rank
A26: Material | B26: D+ (distance to best) | C26: D− (distance to worst) | D26: Closeness C = D−/(D+ + D−) | E26: Rank
A27: =A9 -> Steel AISI 4130 | B27: =SQRT((B17-B$22)^2+(C17-C$22)^2+(D17-D$22)^2+(E17-E$22)^2) -> 0.23504688 | C27: =SQRT((B17-B$23)^2+(C17-C$23)^2+(D17-D$23)^2+(E17-E$23)^2) -> 0.25398029 | D27: =C27/(B27+C27) -> 0.51935824 | E27: =RANK(D27,$D$27:$D$31,0) -> 5
A28: =A10 -> Aluminium 6061-T6 | B28: =SQRT((B18-B$22)^2+(C18-C$22)^2+(D18-D$22)^2+(E18-E$22)^2) -> 0.1172351 | C28: =SQRT((B18-B$23)^2+(C18-C$23)^2+(D18-D$23)^2+(E18-E$23)^2) -> 0.2914526 | D28: =C28/(B28+C28) -> 0.71314258 | E28: =RANK(D28,$D$27:$D$31,0) -> 2
A29: =A11 -> Titanium Ti-6Al-4V | B29: =SQRT((B19-B$22)^2+(C19-C$22)^2+(D19-D$22)^2+(E19-E$22)^2) -> 0.20547156 | C29: =SQRT((B19-B$23)^2+(C19-C$23)^2+(D19-D$23)^2+(E19-E$23)^2) -> 0.23107456 | D29: =C29/(B29+C29) -> 0.5293245 | E29: =RANK(D29,$D$27:$D$31,0) -> 4
A30: =A12 -> GFRP (glass/epoxy) | B30: =SQRT((B20-B$22)^2+(C20-C$22)^2+(D20-D$22)^2+(E20-E$22)^2) -> 0.209445 | C30: =SQRT((B20-B$23)^2+(C20-C$23)^2+(D20-D$23)^2+(E20-E$23)^2) -> 0.27514637 | D30: =C30/(B30+C30) -> 0.56779049 | E30: =RANK(D30,$D$27:$D$31,0) -> 3
A31: =A13 -> CFRP (carbon/epoxy) | B31: =SQRT((B21-B$22)^2+(C21-C$22)^2+(D21-D$22)^2+(E21-E$22)^2) -> 0.082750905 | C31: =SQRT((B21-B$23)^2+(C21-C$23)^2+(D21-D$23)^2+(E21-E$23)^2) -> 0.29960812 | D31: =C31/(B31+C31) -> 0.783578 | E31: =RANK(D31,$D$27:$D$31,0) -> 1
A33: Best material: | B33: =INDEX(A27:A31,MATCH(1,E27:E31,0)) -> CFRP (carbon/epoxy)
